{
  "assets": [
    "BTC",
    "LTC",
    "ETH",
    "ETC",
    "RRT",
    "ZEC",
    "XMR",
    "DSH",
    "XRP",
    "IOT",
    "EOS",
    "SAN",
    "OMG",
    "NEO",
    "ETP",
    "QTM",
    "AVT",
    "EDO",
    "BTG",
    "DAT",
    "QSH",
    "YYW",
    "GNT",
    "SNT",
    "BAT",
    "MNA",
    "FUN",
    "ZRX",
    "TNB",
    "SPK",
    "TRX",
    "RCN",
    "RLC",
    "AID",
    "SNG",
    "REP",
    "ELF",
    "IOS",
    "AIO",
    "REQ",
    "RDN",
    "LRC",
    "WAX",
    "DAI",
    "CFI",
    "AGI",
    "BFT",
    "MTN",
    "ODE",
    "ANT",
    "DTH",
    "MIT",
    "STJ",
    "XLM",
    "XVG",
    "BCI",
    "MKR",
    "KNC",
    "POA",
    "LYM",
    "UTK",
    "VEE",
    "DAD",
    "ORS",
    "AUC",
    "POY",
    "FSN",
    "CBT",
    "ZCN",
    "SEN",
    "NCA",
    "CND",
    "CTX",
    "PAI",
    "SEE",
    "ESS",
    "ATM",
    "HOT",
    "DTA",
    "IQX",
    "WPR",
    "ZIL",
    "BNT",
    "ABS",
    "XRA",
    "MAN",
    "BBN",
    "NIO",
    "DGX",
    "VET",
    "UTN",
    "TKN",
    "GOT",
    "XTZ",
    "CNN",
    "BOX",
    "MGO",
    "RTE",
    "YGG",
    "MLN",
    "WTC",
    "CSX",
    "OMN",
    "INT",
    "DRN",
    "PNK",
    "DGB",
    "BSV",
    "BAB"
  ],
  "currencies": [
    "USD",
    "BTC",
    "EUR",
    "JPY",
    "ETH",
    "GBP",
    "EOS"
  ],
  "markets": [
    {
      "pair": [
        "USD",
        "BTC"
      ],
      "minimalOrder": {
        "amount": "0.002",
        "unit": "asset"
      }
    },
    {
      "pair": [
        "USD",
        "LTC"
      ],
      "minimalOrder": {
        "amount": "0.2",
        "unit": "asset"
      }
    },
    {
      "pair": [
        "BTC",
        "LTC"
      ],
      "minimalOrder": {
        "amount": "0.2",
        "unit": "asset"
      }
    },
    {
      "pair": [
        "USD",
        "ETH"
      ],
      "minimalOrder": {
        "amount": "0.06",
        "unit": "asset"
      }
    },
    {
      "pair": [
        "BTC",
        "ETH"
      ],
      "minimalOrder": {
        "amount": "0.06",
        "unit": "asset"
      }
    },
    {
      "pair": [
        "BTC",
        "ETC"
      ],
      "minimalOrder": {
        "amount": "2.0",
        "unit": "asset"
      }
    },
    {
      "pair": [
        "USD",
        "ETC"
      ],
      "minimalOrder": {
        "amount": "2.0",
        "unit": "asset"
      }
    },
    {
      "pair": [
        "USD",
        "RRT"
      ],
      "minimalOrder": {
        "amount": "294.0",
        "unit": "asset"
      }
    },
    {
      "pair": [
        "BTC",
        "RRT"
      ],
      "minimalOrder": {
        "amount": "294.0",
        "unit": "asset"
      }
    },
    {
      "pair": [
        "USD",
        "ZEC"
      ],
      "minimalOrder": {
        "amount": "0.1",
        "unit": "asset"
      }
    },
    {
      "pair": [
        "BTC",
        "ZEC"
      ],
      "minimalOrder": {
        "amount": "0.1",
        "unit": "asset"
      }
    },
    {
      "pair": [
        "USD",
        "XMR"
      ],
      "minimalOrder": {
        "amount": "0.2",
        "unit": "asset"
      }
    },
    {
      "pair": [
        "BTC",
        "XMR"
      ],
      "minimalOrder": {
        "amount": "0.2",
        "unit": "asset"
      }
    },
    {
      "pair": [
        "USD",
        "DSH"
      ],
      "minimalOrder": {
        "amount": "0.08",
        "unit": "asset"
      }
    },
    {
      "pair": [
        "BTC",
        "DSH"
      ],
      "minimalOrder": {
        "amount": "0.08",
        "unit": "asset"
      }
    },
    {
      "pair": [
        "EUR",
        "BTC"
      ],
      "minimalOrder": {
        "amount": "0.002",
        "unit": "asset"
      }
    },
    {
      "pair": [
        "JPY",
        "BTC"
      ],
      "minimalOrder": {
        "amount": "0.002",
        "unit": "asset"
      }
    },
    {
      "pair": [
        "USD",
        "XRP"
      ],
      "minimalOrder": {
        "amount": "38.0",
        "unit": "asset"
      }
    },
    {
      "pair": [
        "BTC",
        "XRP"
      ],
      "minimalOrder": {
        "amount": "38.0",
        "unit": "asset"
      }
    },
    {
      "pair": [
        "USD",
        "IOT"
      ],
      "minimalOrder": {
        "amount": "24.0",
        "unit": "asset"
      }
    },
    {
      "pair": [
        "BTC",
        "IOT"
      ],
      "minimalOrder": {
        "amount": "24.0",
        "unit": "asset"
      }
    },
    {
      "pair": [
        "ETH",
        "IOT"
      ],
      "minimalOrder": {
        "amount": "24.0",
        "unit": "asset"
      }
    },
    {
      "pair": [
        "USD",
        "EOS"
      ],
      "minimalOrder": {
        "amount": "2.0",
        "unit": "asset"
      }
    },
    {
      "pair": [
        "BTC",
        "EOS"
      ],
      "minimalOrder": {
        "amount": "2.0",
        "unit": "asset"
      }
    },
    {
      "pair": [
        "ETH",
        "EOS"
      ],
      "minimalOrder": {
        "amount": "2.0",
        "unit": "asset"
      }
    },
    {
      "pair": [
        "USD",
        "SAN"
      ],
      "minimalOrder": {
        "amount": "24.0",
        "unit": "asset"
      }
    },
    {
      "pair": [
        "BTC",
        "SAN"
      ],
      "minimalOrder": {
        "amount": "24.0",
        "unit": "asset"
      }
    },
    {
      "pair": [
        "ETH",
        "SAN"
      ],
      "minimalOrder": {
        "amount": "24.0",
        "unit": "asset"
      }
    },
    {
      "pair": [
        "USD",
        "OMG"
      ],
      "minimalOrder": {
        "amount": "4.0",
        "unit": "asset"
      }
    },
    {
      "pair": [
        "BTC",
        "OMG"
      ],
      "minimalOrder": {
        "amount": "4.0",
        "unit": "asset"
      }
    },
    {
      "pair": [
        "ETH",
        "OMG"
      ],
      "minimalOrder": {
        "amount": "4.0",
        "unit": "asset"
      }
    },
    {
      "pair": [
        "USD",
        "NEO"
      ],
      "minimalOrder": {
        "amount": "0.8",
        "unit": "asset"
      }
    },
    {
      "pair": [
        "BTC",
        "NEO"
      ],
      "minimalOrder": {
        "amount": "0.8",
        "unit": "asset"
      }
    },
    {
      "pair": [
        "ETH",
        "NEO"
      ],
      "minimalOrder": {
        "amount": "0.8",
        "unit": "asset"
      }
    },
    {
      "pair": [
        "USD",
        "ETP"
      ],
      "minimalOrder": {
        "amount": "8.0",
        "unit": "asset"
      }
    },
    {
      "pair": [
        "BTC",
        "ETP"
      ],
      "minimalOrder": {
        "amount": "8.0",
        "unit": "asset"
      }
    },
    {
      "pair": [
        "ETH",
        "ETP"
      ],
      "minimalOrder": {
        "amount": "8.0",
        "unit": "asset"
      }
    },
    {
      "pair": [
        "USD",
        "QTM"
      ],
      "minimalOrder": {
        "amount": "4.0",
        "unit": "asset"
      }
    },
    {
      "pair": [
        "BTC",
        "QTM"
      ],
      "minimalOrder": {
        "amount": "4.0",
        "unit": "asset"
      }
    },
    {
      "pair": [
        "ETH",
        "QTM"
      ],
      "minimalOrder": {
        "amount": "4.0",
        "unit": "asset"
      }
    },
    {
      "pair": [
        "USD",
        "AVT"
      ],
      "minimalOrder": {
        "amount": "36.0",
        "unit": "asset"
      }
    },
    {
      "pair": [
        "BTC",
        "AVT"
      ],
      "minimalOrder": {
        "amount": "36.0",
        "unit": "asset"
      }
    },
    {
      "pair": [
        "ETH",
        "AVT"
      ],
      "minimalOrder": {
        "amount": "36.0",
        "unit": "asset"
      }
    },
    {
      "pair": [
        "USD",
        "EDO"
      ],
      "minimalOrder": {
        "amount": "16.0",
        "unit": "asset"
      }
    },
    {
      "pair": [
        "BTC",
        "EDO"
      ],
      "minimalOrder": {
        "amount": "16.0",
        "unit": "asset"
      }
    },
    {
      "pair": [
        "ETH",
        "EDO"
      ],
      "minimalOrder": {
        "amount": "16.0",
        "unit": "asset"
      }
    },
    {
      "pair": [
        "USD",
        "BTG"
      ],
      "minimalOrder": {
        "amount": "0.6",
        "unit": "asset"
      }
    },
    {
      "pair": [
        "BTC",
        "BTG"
      ],
      "minimalOrder": {
        "amount": "0.6",
        "unit": "asset"
      }
    },
    {
      "pair": [
        "USD",
        "DAT"
      ],
      "minimalOrder": {
        "amount": "352.0",
        "unit": "asset"
      }
    },
    {
      "pair": [
        "BTC",
        "DAT"
      ],
      "minimalOrder": {
        "amount": "352.0",
        "unit": "asset"
      }
    },
    {
      "pair": [
        "ETH",
        "DAT"
      ],
      "minimalOrder": {
        "amount": "352.0",
        "unit": "asset"
      }
    },
    {
      "pair": [
        "USD",
        "QSH"
      ],
      "minimalOrder": {
        "amount": "68.0",
        "unit": "asset"
      }
    },
    {
      "pair": [
        "BTC",
        "QSH"
      ],
      "minimalOrder": {
        "amount": "68.0",
        "unit": "asset"
      }
    },
    {
      "pair": [
        "ETH",
        "QSH"
      ],
      "minimalOrder": {
        "amount": "68.0",
        "unit": "asset"
      }
    },
    {
      "pair": [
        "USD",
        "YYW"
      ],
      "minimalOrder": {
        "amount": "510.0",
        "unit": "asset"
      }
    },
    {
      "pair": [
        "BTC",
        "YYW"
      ],
      "minimalOrder": {
        "amount": "510.0",
        "unit": "asset"
      }
    },
    {
      "pair": [
        "ETH",
        "YYW"
      ],
      "minimalOrder": {
        "amount": "510.0",
        "unit": "asset"
      }
    },
    {
      "pair": [
        "USD",
        "GNT"
      ],
      "minimalOrder": {
        "amount": "82.0",
        "unit": "asset"
      }
    },
    {
      "pair": [
        "BTC",
        "GNT"
      ],
      "minimalOrder": {
        "amount": "82.0",
        "unit": "asset"
      }
    },
    {
      "pair": [
        "ETH",
        "GNT"
      ],
      "minimalOrder": {
        "amount": "82.0",
        "unit": "asset"
      }
    },
    {
      "pair": [
        "USD",
        "SNT"
      ],
      "minimalOrder": {
        "amount": "334.0",
        "unit": "asset"
      }
    },
    {
      "pair": [
        "BTC",
        "SNT"
      ],
      "minimalOrder": {
        "amount": "334.0",
        "unit": "asset"
      }
    },
    {
      "pair": [
        "ETH",
        "SNT"
      ],
      "minimalOrder": {
        "amount": "334.0",
        "unit": "asset"
      }
    },
    {
      "pair": [
        "EUR",
        "IOT"
      ],
      "minimalOrder": {
        "amount": "24.0",
        "unit": "asset"
      }
    },
    {
      "pair": [
        "USD",
        "BAT"
      ],
      "minimalOrder": {
        "amount": "70.0",
        "unit": "asset"
      }
    },
    {
      "pair": [
        "BTC",
        "BAT"
      ],
      "minimalOrder": {
        "amount": "70.0",
        "unit": "asset"
      }
    },
    {
      "pair": [
        "ETH",
        "BAT"
      ],
      "minimalOrder": {
        "amount": "70.0",
        "unit": "asset"
      }
    },
    {
      "pair": [
        "USD",
        "MNA"
      ],
      "minimalOrder": {
        "amount": "164.0",
        "unit": "asset"
      }
    },
    {
      "pair": [
        "BTC",
        "MNA"
      ],
      "minimalOrder": {
        "amount": "164.0",
        "unit": "asset"
      }
    },
    {
      "pair": [
        "ETH",
        "MNA"
      ],
      "minimalOrder": {
        "amount": "164.0",
        "unit": "asset"
      }
    },
    {
      "pair": [
        "USD",
        "FUN"
      ],
      "minimalOrder": {
        "amount": "1196.0",
        "unit": "asset"
      }
    },
    {
      "pair": [
        "BTC",
        "FUN"
      ],
      "minimalOrder": {
        "amount": "1196.0",
        "unit": "asset"
      }
    },
    {
      "pair": [
        "ETH",
        "FUN"
      ],
      "minimalOrder": {
        "amount": "1196.0",
        "unit": "asset"
      }
    },
    {
      "pair": [
        "USD",
        "ZRX"
      ],
      "minimalOrder": {
        "amount": "20.0",
        "unit": "asset"
      }
    },
    {
      "pair": [
        "BTC",
        "ZRX"
      ],
      "minimalOrder": {
        "amount": "20.0",
        "unit": "asset"
      }
    },
    {
      "pair": [
        "ETH",
        "ZRX"
      ],
      "minimalOrder": {
        "amount": "20.0",
        "unit": "asset"
      }
    },
    {
      "pair": [
        "USD",
        "TNB"
      ],
      "minimalOrder": {
        "amount": "1418.0",
        "unit": "asset"
      }
    },
    {
      "pair": [
        "BTC",
        "TNB"
      ],
      "minimalOrder": {
        "amount": "1418.0",
        "unit": "asset"
      }
    },
    {
      "pair": [
        "ETH",
        "TNB"
      ],
      "minimalOrder": {
        "amount": "1418.0",
        "unit": "asset"
      }
    },
    {
      "pair": [
        "USD",
        "SPK"
      ],
      "minimalOrder": {
        "amount": "320.0",
        "unit": "asset"
      }
    },
    {
      "pair": [
        "BTC",
        "SPK"
      ],
      "minimalOrder": {
        "amount": "320.0",
        "unit": "asset"
      }
    },
    {
      "pair": [
        "ETH",
        "SPK"
      ],
      "minimalOrder": {
        "amount": "320.0",
        "unit": "asset"
      }
    },
    {
      "pair": [
        "USD",
        "TRX"
      ],
      "minimalOrder": {
        "amount": "548.0",
        "unit": "asset"
      }
    },
    {
      "pair": [
        "BTC",
        "TRX"
      ],
      "minimalOrder": {
        "amount": "548.0",
        "unit": "asset"
      }
    },
    {
      "pair": [
        "ETH",
        "TRX"
      ],
      "minimalOrder": {
        "amount": "548.0",
        "unit": "asset"
      }
    },
    {
      "pair": [
        "USD",
        "RCN"
      ],
      "minimalOrder": {
        "amount": "518.0",
        "unit": "asset"
      }
    },
    {
      "pair": [
        "BTC",
        "RCN"
      ],
      "minimalOrder": {
        "amount": "518.0",
        "unit": "asset"
      }
    },
    {
      "pair": [
        "ETH",
        "RCN"
      ],
      "minimalOrder": {
        "amount": "518.0",
        "unit": "asset"
      }
    },
    {
      "pair": [
        "USD",
        "RLC"
      ],
      "minimalOrder": {
        "amount": "32.0",
        "unit": "asset"
      }
    },
    {
      "pair": [
        "BTC",
        "RLC"
      ],
      "minimalOrder": {
        "amount": "32.0",
        "unit": "asset"
      }
    },
    {
      "pair": [
        "ETH",
        "RLC"
      ],
      "minimalOrder": {
        "amount": "32.0",
        "unit": "asset"
      }
    },
    {
      "pair": [
        "USD",
        "AID"
      ],
      "minimalOrder": {
        "amount": "236.0",
        "unit": "asset"
      }
    },
    {
      "pair": [
        "BTC",
        "AID"
      ],
      "minimalOrder": {
        "amount": "236.0",
        "unit": "asset"
      }
    },
    {
      "pair": [
        "ETH",
        "AID"
      ],
      "minimalOrder": {
        "amount": "236.0",
        "unit": "asset"
      }
    },
    {
      "pair": [
        "USD",
        "SNG"
      ],
      "minimalOrder": {
        "amount": "562.0",
        "unit": "asset"
      }
    },
    {
      "pair": [
        "BTC",
        "SNG"
      ],
      "minimalOrder": {
        "amount": "562.0",
        "unit": "asset"
      }
    },
    {
      "pair": [
        "ETH",
        "SNG"
      ],
      "minimalOrder": {
        "amount": "562.0",
        "unit": "asset"
      }
    },
    {
      "pair": [
        "USD",
        "REP"
      ],
      "minimalOrder": {
        "amount": "1.0",
        "unit": "asset"
      }
    },
    {
      "pair": [
        "BTC",
        "REP"
      ],
      "minimalOrder": {
        "amount": "1.0",
        "unit": "asset"
      }
    },
    {
      "pair": [
        "ETH",
        "REP"
      ],
      "minimalOrder": {
        "amount": "1.0",
        "unit": "asset"
      }
    },
    {
      "pair": [
        "USD",
        "ELF"
      ],
      "minimalOrder": {
        "amount": "46.0",
        "unit": "asset"
      }
    },
    {
      "pair": [
        "BTC",
        "ELF"
      ],
      "minimalOrder": {
        "amount": "46.0",
        "unit": "asset"
      }
    },
    {
      "pair": [
        "ETH",
        "ELF"
      ],
      "minimalOrder": {
        "amount": "46.0",
        "unit": "asset"
      }
    },
    {
      "pair": [
        "GBP",
        "BTC"
      ],
      "minimalOrder": {
        "amount": "0.002",
        "unit": "asset"
      }
    },
    {
      "pair": [
        "EUR",
        "ETH"
      ],
      "minimalOrder": {
        "amount": "0.06",
        "unit": "asset"
      }
    },
    {
      "pair": [
        "JPY",
        "ETH"
      ],
      "minimalOrder": {
        "amount": "0.06",
        "unit": "asset"
      }
    },
    {
      "pair": [
        "GBP",
        "ETH"
      ],
      "minimalOrder": {
        "amount": "0.06",
        "unit": "asset"
      }
    },
    {
      "pair": [
        "EUR",
        "NEO"
      ],
      "minimalOrder": {
        "amount": "0.8",
        "unit": "asset"
      }
    },
    {
      "pair": [
        "JPY",
        "NEO"
      ],
      "minimalOrder": {
        "amount": "0.8",
        "unit": "asset"
      }
    },
    {
      "pair": [
        "GBP",
        "NEO"
      ],
      "minimalOrder": {
        "amount": "0.8",
        "unit": "asset"
      }
    },
    {
      "pair": [
        "EUR",
        "EOS"
      ],
      "minimalOrder": {
        "amount": "2.0",
        "unit": "asset"
      }
    },
    {
      "pair": [
        "JPY",
        "EOS"
      ],
      "minimalOrder": {
        "amount": "2.0",
        "unit": "asset"
      }
    },
    {
      "pair": [
        "GBP",
        "EOS"
      ],
      "minimalOrder": {
        "amount": "2.0",
        "unit": "asset"
      }
    },
    {
      "pair": [
        "JPY",
        "IOT"
      ],
      "minimalOrder": {
        "amount": "24.0",
        "unit": "asset"
      }
    },
    {
      "pair": [
        "GBP",
        "IOT"
      ],
      "minimalOrder": {
        "amount": "24.0",
        "unit": "asset"
      }
    },
    {
      "pair": [
        "USD",
        "IOS"
      ],
      "minimalOrder": {
        "amount": "1170.0",
        "unit": "asset"
      }
    },
    {
      "pair": [
        "BTC",
        "IOS"
      ],
      "minimalOrder": {
        "amount": "1170.0",
        "unit": "asset"
      }
    },
    {
      "pair": [
        "ETH",
        "IOS"
      ],
      "minimalOrder": {
        "amount": "1170.0",
        "unit": "asset"
      }
    },
    {
      "pair": [
        "USD",
        "AIO"
      ],
      "minimalOrder": {
        "amount": "34.0",
        "unit": "asset"
      }
    },
    {
      "pair": [
        "BTC",
        "AIO"
      ],
      "minimalOrder": {
        "amount": "34.0",
        "unit": "asset"
      }
    },
    {
      "pair": [
        "ETH",
        "AIO"
      ],
      "minimalOrder": {
        "amount": "34.0",
        "unit": "asset"
      }
    },
    {
      "pair": [
        "USD",
        "REQ"
      ],
      "minimalOrder": {
        "amount": "302.0",
        "unit": "asset"
      }
    },
    {
      "pair": [
        "BTC",
        "REQ"
      ],
      "minimalOrder": {
        "amount": "302.0",
        "unit": "asset"
      }
    },
    {
      "pair": [
        "ETH",
        "REQ"
      ],
      "minimalOrder": {
        "amount": "302.0",
        "unit": "asset"
      }
    },
    {
      "pair": [
        "USD",
        "RDN"
      ],
      "minimalOrder": {
        "amount": "32.0",
        "unit": "asset"
      }
    },
    {
      "pair": [
        "BTC",
        "RDN"
      ],
      "minimalOrder": {
        "amount": "32.0",
        "unit": "asset"
      }
    },
    {
      "pair": [
        "ETH",
        "RDN"
      ],
      "minimalOrder": {
        "amount": "32.0",
        "unit": "asset"
      }
    },
    {
      "pair": [
        "USD",
        "LRC"
      ],
      "minimalOrder": {
        "amount": "144.0",
        "unit": "asset"
      }
    },
    {
      "pair": [
        "BTC",
        "LRC"
      ],
      "minimalOrder": {
        "amount": "144.0",
        "unit": "asset"
      }
    },
    {
      "pair": [
        "ETH",
        "LRC"
      ],
      "minimalOrder": {
        "amount": "144.0",
        "unit": "asset"
      }
    },
    {
      "pair": [
        "USD",
        "WAX"
      ],
      "minimalOrder": {
        "amount": "166.0",
        "unit": "asset"
      }
    },
    {
      "pair": [
        "BTC",
        "WAX"
      ],
      "minimalOrder": {
        "amount": "166.0",
        "unit": "asset"
      }
    },
    {
      "pair": [
        "ETH",
        "WAX"
      ],
      "minimalOrder": {
        "amount": "166.0",
        "unit": "asset"
      }
    },
    {
      "pair": [
        "USD",
        "DAI"
      ],
      "minimalOrder": {
        "amount": "10.0",
        "unit": "asset"
      }
    },
    {
      "pair": [
        "BTC",
        "DAI"
      ],
      "minimalOrder": {
        "amount": "10.0",
        "unit": "asset"
      }
    },
    {
      "pair": [
        "ETH",
        "DAI"
      ],
      "minimalOrder": {
        "amount": "10.0",
        "unit": "asset"
      }
    },
    {
      "pair": [
        "USD",
        "CFI"
      ],
      "minimalOrder": {
        "amount": "566.0",
        "unit": "asset"
      }
    },
    {
      "pair": [
        "BTC",
        "CFI"
      ],
      "minimalOrder": {
        "amount": "566.0",
        "unit": "asset"
      }
    },
    {
      "pair": [
        "ETH",
        "CFI"
      ],
      "minimalOrder": {
        "amount": "566.0",
        "unit": "asset"
      }
    },
    {
      "pair": [
        "USD",
        "AGI"
      ],
      "minimalOrder": {
        "amount": "268.0",
        "unit": "asset"
      }
    },
    {
      "pair": [
        "BTC",
        "AGI"
      ],
      "minimalOrder": {
        "amount": "268.0",
        "unit": "asset"
      }
    },
    {
      "pair": [
        "ETH",
        "AGI"
      ],
      "minimalOrder": {
        "amount": "268.0",
        "unit": "asset"
      }
    },
    {
      "pair": [
        "USD",
        "BFT"
      ],
      "minimalOrder": {
        "amount": "272.0",
        "unit": "asset"
      }
    },
    {
      "pair": [
        "BTC",
        "BFT"
      ],
      "minimalOrder": {
        "amount": "272.0",
        "unit": "asset"
      }
    },
    {
      "pair": [
        "ETH",
        "BFT"
      ],
      "minimalOrder": {
        "amount": "272.0",
        "unit": "asset"
      }
    },
    {
      "pair": [
        "USD",
        "MTN"
      ],
      "minimalOrder": {
        "amount": "606.0",
        "unit": "asset"
      }
    },
    {
      "pair": [
        "BTC",
        "MTN"
      ],
      "minimalOrder": {
        "amount": "606.0",
        "unit": "asset"
      }
    },
    {
      "pair": [
        "ETH",
        "MTN"
      ],
      "minimalOrder": {
        "amount": "606.0",
        "unit": "asset"
      }
    },
    {
      "pair": [
        "USD",
        "ODE"
      ],
      "minimalOrder": {
        "amount": "86.0",
        "unit": "asset"
      }
    },
    {
      "pair": [
        "BTC",
        "ODE"
      ],
      "minimalOrder": {
        "amount": "86.0",
        "unit": "asset"
      }
    },
    {
      "pair": [
        "ETH",
        "ODE"
      ],
      "minimalOrder": {
        "amount": "86.0",
        "unit": "asset"
      }
    },
    {
      "pair": [
        "USD",
        "ANT"
      ],
      "minimalOrder": {
        "amount": "22.0",
        "unit": "asset"
      }
    },
    {
      "pair": [
        "BTC",
        "ANT"
      ],
      "minimalOrder": {
        "amount": "22.0",
        "unit": "asset"
      }
    },
    {
      "pair": [
        "ETH",
        "ANT"
      ],
      "minimalOrder": {
        "amount": "22.0",
        "unit": "asset"
      }
    },
    {
      "pair": [
        "USD",
        "DTH"
      ],
      "minimalOrder": {
        "amount": "958.0",
        "unit": "asset"
      }
    },
    {
      "pair": [
        "BTC",
        "DTH"
      ],
      "minimalOrder": {
        "amount": "958.0",
        "unit": "asset"
      }
    },
    {
      "pair": [
        "ETH",
        "DTH"
      ],
      "minimalOrder": {
        "amount": "958.0",
        "unit": "asset"
      }
    },
    {
      "pair": [
        "USD",
        "MIT"
      ],
      "minimalOrder": {
        "amount": "44.0",
        "unit": "asset"
      }
    },
    {
      "pair": [
        "BTC",
        "MIT"
      ],
      "minimalOrder": {
        "amount": "44.0",
        "unit": "asset"
      }
    },
    {
      "pair": [
        "ETH",
        "MIT"
      ],
      "minimalOrder": {
        "amount": "44.0",
        "unit": "asset"
      }
    },
    {
      "pair": [
        "USD",
        "STJ"
      ],
      "minimalOrder": {
        "amount": "44.0",
        "unit": "asset"
      }
    },
    {
      "pair": [
        "BTC",
        "STJ"
      ],
      "minimalOrder": {
        "amount": "44.0",
        "unit": "asset"
      }
    },
    {
      "pair": [
        "ETH",
        "STJ"
      ],
      "minimalOrder": {
        "amount": "44.0",
        "unit": "asset"
      }
    },
    {
      "pair": [
        "USD",
        "XLM"
      ],
      "minimalOrder": {
        "amount": "56.0",
        "unit": "asset"
      }
    },
    {
      "pair": [
        "EUR",
        "XLM"
      ],
      "minimalOrder": {
        "amount": "56.0",
        "unit": "asset"
      }
    },
    {
      "pair": [
        "JPY",
        "XLM"
      ],
      "minimalOrder": {
        "amount": "56.0",
        "unit": "asset"
      }
    },
    {
      "pair": [
        "GBP",
        "XLM"
      ],
      "minimalOrder": {
        "amount": "56.0",
        "unit": "asset"
      }
    },
    {
      "pair": [
        "BTC",
        "XLM"
      ],
      "minimalOrder": {
        "amount": "56.0",
        "unit": "asset"
      }
    },
    {
      "pair": [
        "ETH",
        "XLM"
      ],
      "minimalOrder": {
        "amount": "56.0",
        "unit": "asset"
      }
    },
    {
      "pair": [
        "USD",
        "XVG"
      ],
      "minimalOrder": {
        "amount": "1024.0",
        "unit": "asset"
      }
    },
    {
      "pair": [
        "EUR",
        "XVG"
      ],
      "minimalOrder": {
        "amount": "1024.0",
        "unit": "asset"
      }
    },
    {
      "pair": [
        "JPY",
        "XVG"
      ],
      "minimalOrder": {
        "amount": "1024.0",
        "unit": "asset"
      }
    },
    {
      "pair": [
        "GBP",
        "XVG"
      ],
      "minimalOrder": {
        "amount": "1024.0",
        "unit": "asset"
      }
    },
    {
      "pair": [
        "BTC",
        "XVG"
      ],
      "minimalOrder": {
        "amount": "1024.0",
        "unit": "asset"
      }
    },
    {
      "pair": [
        "ETH",
        "XVG"
      ],
      "minimalOrder": {
        "amount": "1024.0",
        "unit": "asset"
      }
    },
    {
      "pair": [
        "USD",
        "BCI"
      ],
      "minimalOrder": {
        "amount": "16.0",
        "unit": "asset"
      }
    },
    {
      "pair": [
        "BTC",
        "BCI"
      ],
      "minimalOrder": {
        "amount": "16.0",
        "unit": "asset"
      }
    },
    {
      "pair": [
        "USD",
        "MKR"
      ],
      "minimalOrder": {
        "amount": "0.04",
        "unit": "asset"
      }
    },
    {
      "pair": [
        "BTC",
        "MKR"
      ],
      "minimalOrder": {
        "amount": "0.04",
        "unit": "asset"
      }
    },
    {
      "pair": [
        "ETH",
        "MKR"
      ],
      "minimalOrder": {
        "amount": "0.04",
        "unit": "asset"
      }
    },
    {
      "pair": [
        "USD",
        "KNC"
      ],
      "minimalOrder": {
        "amount": "36.0",
        "unit": "asset"
      }
    },
    {
      "pair": [
        "BTC",
        "KNC"
      ],
      "minimalOrder": {
        "amount": "36.0",
        "unit": "asset"
      }
    },
    {
      "pair": [
        "ETH",
        "KNC"
      ],
      "minimalOrder": {
        "amount": "36.0",
        "unit": "asset"
      }
    },
    {
      "pair": [
        "USD",
        "POA"
      ],
      "minimalOrder": {
        "amount": "184.0",
        "unit": "asset"
      }
    },
    {
      "pair": [
        "BTC",
        "POA"
      ],
      "minimalOrder": {
        "amount": "184.0",
        "unit": "asset"
      }
    },
    {
      "pair": [
        "ETH",
        "POA"
      ],
      "minimalOrder": {
        "amount": "184.0",
        "unit": "asset"
      }
    },
    {
      "pair": [
        "USD",
        "LYM"
      ],
      "minimalOrder": {
        "amount": "874.0",
        "unit": "asset"
      }
    },
    {
      "pair": [
        "BTC",
        "LYM"
      ],
      "minimalOrder": {
        "amount": "874.0",
        "unit": "asset"
      }
    },
    {
      "pair": [
        "ETH",
        "LYM"
      ],
      "minimalOrder": {
        "amount": "874.0",
        "unit": "asset"
      }
    },
    {
      "pair": [
        "USD",
        "UTK"
      ],
      "minimalOrder": {
        "amount": "426.0",
        "unit": "asset"
      }
    },
    {
      "pair": [
        "BTC",
        "UTK"
      ],
      "minimalOrder": {
        "amount": "426.0",
        "unit": "asset"
      }
    },
    {
      "pair": [
        "ETH",
        "UTK"
      ],
      "minimalOrder": {
        "amount": "426.0",
        "unit": "asset"
      }
    },
    {
      "pair": [
        "USD",
        "VEE"
      ],
      "minimalOrder": {
        "amount": "1430.0",
        "unit": "asset"
      }
    },
    {
      "pair": [
        "BTC",
        "VEE"
      ],
      "minimalOrder": {
        "amount": "1430.0",
        "unit": "asset"
      }
    },
    {
      "pair": [
        "ETH",
        "VEE"
      ],
      "minimalOrder": {
        "amount": "1430.0",
        "unit": "asset"
      }
    },
    {
      "pair": [
        "USD",
        "DAD"
      ],
      "minimalOrder": {
        "amount": "140.0",
        "unit": "asset"
      }
    },
    {
      "pair": [
        "BTC",
        "DAD"
      ],
      "minimalOrder": {
        "amount": "140.0",
        "unit": "asset"
      }
    },
    {
      "pair": [
        "ETH",
        "DAD"
      ],
      "minimalOrder": {
        "amount": "140.0",
        "unit": "asset"
      }
    },
    {
      "pair": [
        "USD",
        "ORS"
      ],
      "minimalOrder": {
        "amount": "476.0",
        "unit": "asset"
      }
    },
    {
      "pair": [
        "BTC",
        "ORS"
      ],
      "minimalOrder": {
        "amount": "476.0",
        "unit": "asset"
      }
    },
    {
      "pair": [
        "ETH",
        "ORS"
      ],
      "minimalOrder": {
        "amount": "476.0",
        "unit": "asset"
      }
    },
    {
      "pair": [
        "USD",
        "AUC"
      ],
      "minimalOrder": {
        "amount": "304.0",
        "unit": "asset"
      }
    },
    {
      "pair": [
        "BTC",
        "AUC"
      ],
      "minimalOrder": {
        "amount": "304.0",
        "unit": "asset"
      }
    },
    {
      "pair": [
        "ETH",
        "AUC"
      ],
      "minimalOrder": {
        "amount": "304.0",
        "unit": "asset"
      }
    },
    {
      "pair": [
        "USD",
        "POY"
      ],
      "minimalOrder": {
        "amount": "70.0",
        "unit": "asset"
      }
    },
    {
      "pair": [
        "BTC",
        "POY"
      ],
      "minimalOrder": {
        "amount": "70.0",
        "unit": "asset"
      }
    },
    {
      "pair": [
        "ETH",
        "POY"
      ],
      "minimalOrder": {
        "amount": "70.0",
        "unit": "asset"
      }
    },
    {
      "pair": [
        "USD",
        "FSN"
      ],
      "minimalOrder": {
        "amount": "14.0",
        "unit": "asset"
      }
    },
    {
      "pair": [
        "BTC",
        "FSN"
      ],
      "minimalOrder": {
        "amount": "14.0",
        "unit": "asset"
      }
    },
    {
      "pair": [
        "ETH",
        "FSN"
      ],
      "minimalOrder": {
        "amount": "14.0",
        "unit": "asset"
      }
    },
    {
      "pair": [
        "USD",
        "CBT"
      ],
      "minimalOrder": {
        "amount": "1228.0",
        "unit": "asset"
      }
    },
    {
      "pair": [
        "BTC",
        "CBT"
      ],
      "minimalOrder": {
        "amount": "1228.0",
        "unit": "asset"
      }
    },
    {
      "pair": [
        "ETH",
        "CBT"
      ],
      "minimalOrder": {
        "amount": "1228.0",
        "unit": "asset"
      }
    },
    {
      "pair": [
        "USD",
        "ZCN"
      ],
      "minimalOrder": {
        "amount": "90.0",
        "unit": "asset"
      }
    },
    {
      "pair": [
        "BTC",
        "ZCN"
      ],
      "minimalOrder": {
        "amount": "90.0",
        "unit": "asset"
      }
    },
    {
      "pair": [
        "ETH",
        "ZCN"
      ],
      "minimalOrder": {
        "amount": "90.0",
        "unit": "asset"
      }
    },
    {
      "pair": [
        "USD",
        "SEN"
      ],
      "minimalOrder": {
        "amount": "3840.0",
        "unit": "asset"
      }
    },
    {
      "pair": [
        "BTC",
        "SEN"
      ],
      "minimalOrder": {
        "amount": "3840.0",
        "unit": "asset"
      }
    },
    {
      "pair": [
        "ETH",
        "SEN"
      ],
      "minimalOrder": {
        "amount": "3840.0",
        "unit": "asset"
      }
    },
    {
      "pair": [
        "USD",
        "NCA"
      ],
      "minimalOrder": {
        "amount": "2572.0",
        "unit": "asset"
      }
    },
    {
      "pair": [
        "BTC",
        "NCA"
      ],
      "minimalOrder": {
        "amount": "2572.0",
        "unit": "asset"
      }
    },
    {
      "pair": [
        "ETH",
        "NCA"
      ],
      "minimalOrder": {
        "amount": "2572.0",
        "unit": "asset"
      }
    },
    {
      "pair": [
        "USD",
        "CND"
      ],
      "minimalOrder": {
        "amount": "606.0",
        "unit": "asset"
      }
    },
    {
      "pair": [
        "BTC",
        "CND"
      ],
      "minimalOrder": {
        "amount": "606.0",
        "unit": "asset"
      }
    },
    {
      "pair": [
        "ETH",
        "CND"
      ],
      "minimalOrder": {
        "amount": "606.0",
        "unit": "asset"
      }
    },
    {
      "pair": [
        "USD",
        "CTX"
      ],
      "minimalOrder": {
        "amount": "48.0",
        "unit": "asset"
      }
    },
    {
      "pair": [
        "BTC",
        "CTX"
      ],
      "minimalOrder": {
        "amount": "48.0",
        "unit": "asset"
      }
    },
    {
      "pair": [
        "ETH",
        "CTX"
      ],
      "minimalOrder": {
        "amount": "48.0",
        "unit": "asset"
      }
    },
    {
      "pair": [
        "USD",
        "PAI"
      ],
      "minimalOrder": {
        "amount": "82.0",
        "unit": "asset"
      }
    },
    {
      "pair": [
        "BTC",
        "PAI"
      ],
      "minimalOrder": {
        "amount": "82.0",
        "unit": "asset"
      }
    },
    {
      "pair": [
        "USD",
        "SEE"
      ],
      "minimalOrder": {
        "amount": "12382.0",
        "unit": "asset"
      }
    },
    {
      "pair": [
        "BTC",
        "SEE"
      ],
      "minimalOrder": {
        "amount": "12382.0",
        "unit": "asset"
      }
    },
    {
      "pair": [
        "ETH",
        "SEE"
      ],
      "minimalOrder": {
        "amount": "12382.0",
        "unit": "asset"
      }
    },
    {
      "pair": [
        "USD",
        "ESS"
      ],
      "minimalOrder": {
        "amount": "3054.0",
        "unit": "asset"
      }
    },
    {
      "pair": [
        "BTC",
        "ESS"
      ],
      "minimalOrder": {
        "amount": "3054.0",
        "unit": "asset"
      }
    },
    {
      "pair": [
        "ETH",
        "ESS"
      ],
      "minimalOrder": {
        "amount": "3054.0",
        "unit": "asset"
      }
    },
    {
      "pair": [
        "USD",
        "ATM"
      ],
      "minimalOrder": {
        "amount": "1842.0",
        "unit": "asset"
      }
    },
    {
      "pair": [
        "BTC",
        "ATM"
      ],
      "minimalOrder": {
        "amount": "1842.0",
        "unit": "asset"
      }
    },
    {
      "pair": [
        "ETH",
        "ATM"
      ],
      "minimalOrder": {
        "amount": "1842.0",
        "unit": "asset"
      }
    },
    {
      "pair": [
        "USD",
        "HOT"
      ],
      "minimalOrder": {
        "amount": "1408.0",
        "unit": "asset"
      }
    },
    {
      "pair": [
        "BTC",
        "HOT"
      ],
      "minimalOrder": {
        "amount": "1408.0",
        "unit": "asset"
      }
    },
    {
      "pair": [
        "ETH",
        "HOT"
      ],
      "minimalOrder": {
        "amount": "1408.0",
        "unit": "asset"
      }
    },
    {
      "pair": [
        "USD",
        "DTA"
      ],
      "minimalOrder": {
        "amount": "5572.0",
        "unit": "asset"
      }
    },
    {
      "pair": [
        "BTC",
        "DTA"
      ],
      "minimalOrder": {
        "amount": "5572.0",
        "unit": "asset"
      }
    },
    {
      "pair": [
        "ETH",
        "DTA"
      ],
      "minimalOrder": {
        "amount": "5572.0",
        "unit": "asset"
      }
    },
    {
      "pair": [
        "USD",
        "IQX"
      ],
      "minimalOrder": {
        "amount": "1798.0",
        "unit": "asset"
      }
    },
    {
      "pair": [
        "BTC",
        "IQX"
      ],
      "minimalOrder": {
        "amount": "1798.0",
        "unit": "asset"
      }
    },
    {
      "pair": [
        "EOS",
        "IQX"
      ],
      "minimalOrder": {
        "amount": "1798.0",
        "unit": "asset"
      }
    },
    {
      "pair": [
        "USD",
        "WPR"
      ],
      "minimalOrder": {
        "amount": "590.0",
        "unit": "asset"
      }
    },
    {
      "pair": [
        "BTC",
        "WPR"
      ],
      "minimalOrder": {
        "amount": "590.0",
        "unit": "asset"
      }
    },
    {
      "pair": [
        "ETH",
        "WPR"
      ],
      "minimalOrder": {
        "amount": "590.0",
        "unit": "asset"
      }
    },
    {
      "pair": [
        "USD",
        "ZIL"
      ],
      "minimalOrder": {
        "amount": "382.0",
        "unit": "asset"
      }
    },
    {
      "pair": [
        "BTC",
        "ZIL"
      ],
      "minimalOrder": {
        "amount": "382.0",
        "unit": "asset"
      }
    },
    {
      "pair": [
        "ETH",
        "ZIL"
      ],
      "minimalOrder": {
        "amount": "382.0",
        "unit": "asset"
      }
    },
    {
      "pair": [
        "USD",
        "BNT"
      ],
      "minimalOrder": {
        "amount": "10.0",
        "unit": "asset"
      }
    },
    {
      "pair": [
        "BTC",
        "BNT"
      ],
      "minimalOrder": {
        "amount": "10.0",
        "unit": "asset"
      }
    },
    {
      "pair": [
        "ETH",
        "BNT"
      ],
      "minimalOrder": {
        "amount": "10.0",
        "unit": "asset"
      }
    },
    {
      "pair": [
        "USD",
        "ABS"
      ],
      "minimalOrder": {
        "amount": "1136.0",
        "unit": "asset"
      }
    },
    {
      "pair": [
        "ETH",
        "ABS"
      ],
      "minimalOrder": {
        "amount": "1136.0",
        "unit": "asset"
      }
    },
    {
      "pair": [
        "USD",
        "XRA"
      ],
      "minimalOrder": {
        "amount": "296.0",
        "unit": "asset"
      }
    },
    {
      "pair": [
        "ETH",
        "XRA"
      ],
      "minimalOrder": {
        "amount": "296.0",
        "unit": "asset"
      }
    },
    {
      "pair": [
        "USD",
        "MAN"
      ],
      "minimalOrder": {
        "amount": "56.0",
        "unit": "asset"
      }
    },
    {
      "pair": [
        "ETH",
        "MAN"
      ],
      "minimalOrder": {
        "amount": "56.0",
        "unit": "asset"
      }
    },
    {
      "pair": [
        "USD",
        "BBN"
      ],
      "minimalOrder": {
        "amount": "1782.0",
        "unit": "asset"
      }
    },
    {
      "pair": [
        "ETH",
        "BBN"
      ],
      "minimalOrder": {
        "amount": "1782.0",
        "unit": "asset"
      }
    },
    {
      "pair": [
        "USD",
        "NIO"
      ],
      "minimalOrder": {
        "amount": "676.0",
        "unit": "asset"
      }
    },
    {
      "pair": [
        "ETH",
        "NIO"
      ],
      "minimalOrder": {
        "amount": "676.0",
        "unit": "asset"
      }
    },
    {
      "pair": [
        "USD",
        "DGX"
      ],
      "minimalOrder": {
        "amount": "0.2",
        "unit": "asset"
      }
    },
    {
      "pair": [
        "ETH",
        "DGX"
      ],
      "minimalOrder": {
        "amount": "0.2",
        "unit": "asset"
      }
    },
    {
      "pair": [
        "USD",
        "VET"
      ],
      "minimalOrder": {
        "amount": "1286.0",
        "unit": "asset"
      }
    },
    {
      "pair": [
        "BTC",
        "VET"
      ],
      "minimalOrder": {
        "amount": "1286.0",
        "unit": "asset"
      }
    },
    {
      "pair": [
        "ETH",
        "VET"
      ],
      "minimalOrder": {
        "amount": "1286.0",
        "unit": "asset"
      }
    },
    {
      "pair": [
        "USD",
        "UTN"
      ],
      "minimalOrder": {
        "amount": "2698.0",
        "unit": "asset"
      }
    },
    {
      "pair": [
        "ETH",
        "UTN"
      ],
      "minimalOrder": {
        "amount": "2698.0",
        "unit": "asset"
      }
    },
    {
      "pair": [
        "USD",
        "TKN"
      ],
      "minimalOrder": {
        "amount": "32.0",
        "unit": "asset"
      }
    },
    {
      "pair": [
        "ETH",
        "TKN"
      ],
      "minimalOrder": {
        "amount": "32.0",
        "unit": "asset"
      }
    },
    {
      "pair": [
        "USD",
        "GOT"
      ],
      "minimalOrder": {
        "amount": "20.0",
        "unit": "asset"
      }
    },
    {
      "pair": [
        "EUR",
        "GOT"
      ],
      "minimalOrder": {
        "amount": "20.0",
        "unit": "asset"
      }
    },
    {
      "pair": [
        "ETH",
        "GOT"
      ],
      "minimalOrder": {
        "amount": "20.0",
        "unit": "asset"
      }
    },
    {
      "pair": [
        "USD",
        "XTZ"
      ],
      "minimalOrder": {
        "amount": "8.0",
        "unit": "asset"
      }
    },
    {
      "pair": [
        "BTC",
        "XTZ"
      ],
      "minimalOrder": {
        "amount": "8.0",
        "unit": "asset"
      }
    },
    {
      "pair": [
        "USD",
        "CNN"
      ],
      "minimalOrder": {
        "amount": "34370.0",
        "unit": "asset"
      }
    },
    {
      "pair": [
        "ETH",
        "CNN"
      ],
      "minimalOrder": {
        "amount": "34370.0",
        "unit": "asset"
      }
    },
    {
      "pair": [
        "USD",
        "BOX"
      ],
      "minimalOrder": {
        "amount": "1252.0",
        "unit": "asset"
      }
    },
    {
      "pair": [
        "ETH",
        "BOX"
      ],
      "minimalOrder": {
        "amount": "1252.0",
        "unit": "asset"
      }
    },
    {
      "pair": [
        "EUR",
        "TRX"
      ],
      "minimalOrder": {
        "amount": "526.0",
        "unit": "asset"
      }
    },
    {
      "pair": [
        "GBP",
        "TRX"
      ],
      "minimalOrder": {
        "amount": "526.0",
        "unit": "asset"
      }
    },
    {
      "pair": [
        "JPY",
        "TRX"
      ],
      "minimalOrder": {
        "amount": "526.0",
        "unit": "asset"
      }
    },
    {
      "pair": [
        "USD",
        "MGO"
      ],
      "minimalOrder": {
        "amount": "30.0",
        "unit": "asset"
      }
    },
    {
      "pair": [
        "ETH",
        "MGO"
      ],
      "minimalOrder": {
        "amount": "30.0",
        "unit": "asset"
      }
    },
    {
      "pair": [
        "USD",
        "RTE"
      ],
      "minimalOrder": {
        "amount": "2950.0",
        "unit": "asset"
      }
    },
    {
      "pair": [
        "ETH",
        "RTE"
      ],
      "minimalOrder": {
        "amount": "2950.0",
        "unit": "asset"
      }
    },
    {
      "pair": [
        "USD",
        "YGG"
      ],
      "minimalOrder": {
        "amount": "11104.0",
        "unit": "asset"
      }
    },
    {
      "pair": [
        "ETH",
        "YGG"
      ],
      "minimalOrder": {
        "amount": "11104.0",
        "unit": "asset"
      }
    },
    {
      "pair": [
        "USD",
        "MLN"
      ],
      "minimalOrder": {
        "amount": "2.0",
        "unit": "asset"
      }
    },
    {
      "pair": [
        "ETH",
        "MLN"
      ],
      "minimalOrder": {
        "amount": "2.0",
        "unit": "asset"
      }
    },
    {
      "pair": [
        "USD",
        "WTC"
      ],
      "minimalOrder": {
        "amount": "4.0",
        "unit": "asset"
      }
    },
    {
      "pair": [
        "ETH",
        "WTC"
      ],
      "minimalOrder": {
        "amount": "4.0",
        "unit": "asset"
      }
    },
    {
      "pair": [
        "USD",
        "CSX"
      ],
      "minimalOrder": {
        "amount": "72.0",
        "unit": "asset"
      }
    },
    {
      "pair": [
        "ETH",
        "CSX"
      ],
      "minimalOrder": {
        "amount": "72.0",
        "unit": "asset"
      }
    },
    {
      "pair": [
        "USD",
        "OMN"
      ],
      "minimalOrder": {
        "amount": "2.0",
        "unit": "asset"
      }
    },
    {
      "pair": [
        "BTC",
        "OMN"
      ],
      "minimalOrder": {
        "amount": "2.0",
        "unit": "asset"
      }
    },
    {
      "pair": [
        "USD",
        "INT"
      ],
      "minimalOrder": {
        "amount": "352.0",
        "unit": "asset"
      }
    },
    {
      "pair": [
        "ETH",
        "INT"
      ],
      "minimalOrder": {
        "amount": "352.0",
        "unit": "asset"
      }
    },
    {
      "pair": [
        "USD",
        "DRN"
      ],
      "minimalOrder": {
        "amount": "62.0",
        "unit": "asset"
      }
    },
    {
      "pair": [
        "ETH",
        "DRN"
      ],
      "minimalOrder": {
        "amount": "62.0",
        "unit": "asset"
      }
    },
    {
      "pair": [
        "USD",
        "PNK"
      ],
      "minimalOrder": {
        "amount": "1394.0",
        "unit": "asset"
      }
    },
    {
      "pair": [
        "ETH",
        "PNK"
      ],
      "minimalOrder": {
        "amount": "1394.0",
        "unit": "asset"
      }
    },
    {
      "pair": [
        "USD",
        "DGB"
      ],
      "minimalOrder": {
        "amount": "566.0",
        "unit": "asset"
      }
    },
    {
      "pair": [
        "BTC",
        "DGB"
      ],
      "minimalOrder": {
        "amount": "566.0",
        "unit": "asset"
      }
    },
    {
      "pair": [
        "USD",
        "BSV"
      ],
      "minimalOrder": {
        "amount": "0.1",
        "unit": "asset"
      }
    },
    {
      "pair": [
        "BTC",
        "BSV"
      ],
      "minimalOrder": {
        "amount": "0.1",
        "unit": "asset"
      }
    },
    {
      "pair": [
        "USD",
        "BAB"
      ],
      "minimalOrder": {
        "amount": "0.04",
        "unit": "asset"
      }
    },
    {
      "pair": [
        "BTC",
        "BAB"
      ],
      "minimalOrder": {
        "amount": "0.04",
        "unit": "asset"
      }
    }
  ]
}